Data Source,_32,_33,_34,_35,_36,_37,_38,_39,_40,_41,_42,_43,_44,_45,_46,_47,_48,_49,_50,_51,_52,_53,_54,_55,_56,_57,_58,_59,_60,_61,_62,_63,_64,_65,_66,_67
Country Name,1990,1991,1992,1993,1994,1995,1996,1997,1998,1999,2000,2001,2002,2003,2004,2005,2006,2007,2008,2009,2010,2011,2012,2013,2014,2015,2016,2017,2018,2019,2020,2021,2022,2023,2024,
Aruba,,,,,,,,,,,,,,,,,,,,,,,,,,,,,,,,,,,,
Africa Eastern and Southern,73.26259847,73.31897505,73.40265203,73.39071361,73.47062045,73.62832541,73.67881084,73.65003007,73.58646036,73.50623028,73.44161828,73.3775811,73.35603164,73.34589188,73.3134042,73.29623491,73.13835457,72.92842955,72.70701643,72.3173933,71.66309955,72.1243236,72.09261357,72.06576973,71.17254722,70.85124504,70.38512513,69.75087529,69.34287942,69.00483912,67.48008301,68.04997499,68.30752687,70.69060628,70.59426479,
Afghanistan,48.337,48.278,48.212,48.137,48.053,47.966,47.882,47.801,47.725,47.658,47.602,47.56,47.534,47.525,47.534,47.562,47.605,47.662,47.73,47.803,47.883,47.967,48.055,48.153,48.248,48.339,48.429,48.521,46.762,44.991,42.596,41.903,38.6,38.634,38.459,
Africa Western and Central,77.49101454,77.50398812,77.38401217,77.40037896,77.39857048,77.35609763,77.24147756,77.1563285,77.07742146,77.04653802,76.93091376,76.80470915,76.52235118,76.33973304,76.14983255,75.97345076,75.80550669,75.61430362,75.32632873,75.00488173,74.68956648,74.46979908,74.20036214,73.84596847,73.47782444,73.21399716,73.14176266,72.67150722,72.44769282,72.24805706,71.67665308,71.77562002,71.78913046,72.32453107,72.19236157,
Angola,77.731,77.781,77.807,77.771,77.808,77.862,77.897,77.904,77.896,77.876,77.855,77.832,77.837,77.809,77.808,77.824,77.835,77.859,77.881,77.875,77.883,77.867,77.636,77.402,77.165,76.926,76.686,76.444,76.202,75.959,75.686,77.388,76.46,76.592,76.553,
Albania,66.456,69.088,69.788,69.113,68.573,67.723,67.201,68.174,67.657,66.93,66.624,66.253,66.172,65.239,64.299,63.36,62.426,61.484,60.521,62.932,63.348,68.097,64.417,59.711,61.319,64.087,66.179,66.919,68.305,69.661,67.153,68.57,70.893,71.301,72.028,
Andorra,,,,,,,,,,,,,,,,,,,,,,,,,,,,,,,,,,,,
Arab World,49.21588099,49.25286086,49.46361213,49.70421846,49.90337143,49.63975001,49.4663205,49.26131321,49.02035212,49.45547388,49.12112769,48.56025516,47.90678296,48.05547922,48.22086801,48.41159165,48.66140131,48.94064183,48.92984941,49.0336042,49.50121185,49.53794218,49.26211296,49.37977989,49.43269927,48.93896401,48.88164948,48.09693122,47.62929522,47.39888261,46.31595363,46.59693481,46.99370113,47.99973966,47.88988981,
United Arab Emirates,75.269,75.511,75.793,76.291,76.638,77.004,76.876,76.211,75.737,75.487,75.451,75.63,76.019,76.579,77.261,78.003,78.552,78.541,78.15,77.618,77.629,77.854,78.05,78.343,78.687,79.014,79.452,79.756,80.114,80.328,79.67,78.09,78.319,78.581,78.881,
Argentina,65.228,66.295,67.22,68.171,68.821,68.326,68.931,69.861,70.251,69.675,69.45,68.732,67.063,68.085,69.127,68.458,68.826,68.282,67.727,68.086,67.539,68.14,68.063,67.663,66.942,66.771,66.599,66.422,67.403,68.122,63.716,68.759,70.054,70.886,70.901,
Armenia,70.092,70.242,70.411,70.561,70.576,70.463,70.244,70.014,69.761,69.53,69.432,69.363,69.246,69.147,69.075,69.019,68.983,68.989,68.818,69.631,69.725,69.765,69.795,69.986,70.215,70.518,70.9,71.183,71.429,73.142,72.624,73.644,72.769,72.792,72.745,
American Samoa,,,,,,,,,,,,,,,,,,,,,,,,,,,,,,,,,,,,
Antigua and Barbuda,,,,,,,,,,,,,,,,,,,,,,,,,,,,,,,,,,,,
Australia,73.578,73.047,72.887,72.647,73.249,74.016,74.075,73.641,73.557,73.381,73.834,74.089,74.192,74.529,74.404,75.434,75.836,76.223,76.534,76.406,76.458,76.667,76.449,76.424,76.332,76.964,76.969,77.472,78.053,78.518,77.886,79.132,80.34,80.627,80.807,
Austria,67.668,68.273,69.286,69.62,70.936,71.323,70.927,70.723,71.129,71.379,71.154,70.457,71.461,71.51,70.494,71.274,72.209,73.304,73.725,74.143,74.195,74.328,74.898,75.291,75.182,75.31,76.04,76.185,76.647,76.889,76.493,77.14,77.652,77.976,78.071,
Azerbaijan,75.738,76.012,77.969,80.327,82.538,83.961,84.07,83.76,83.142,82.726,82.003,79.893,77.885,75.85,73.553,71.941,70.202,66.844,65.504,65.55,65.299,65.574,66.002,66.426,67.484,68.26,69.598,70.21,70.791,70.815,73.286,67.952,70.302,70.173,69.942,
Burundi,90.92,90.384,89.824,89.118,88.372,87.713,86.887,85.969,85.039,84.235,83.41,82.583,81.738,80.869,79.985,79.039,78.027,78.281,78.506,78.811,79.1,79.268,79.429,79.592,79.715,80.308,80.79,80.989,80.95,80.639,79.019,79.918,79.963,79.7,79.382,
Belgium,58.77,60.118,60.63,60.897,61.787,62.213,62.369,62.742,63.274,64.566,65.225,63.546,64.023,64.185,65.219,66.744,66.506,67.09,67.111,66.935,67.689,66.738,66.938,67.536,67.734,67.596,67.62,67.987,68.585,69.018,68.558,69.675,70.513,70.576,70.771,
Benin,72.864,72.863,72.853,72.812,72.774,72.746,72.713,72.676,72.639,72.601,72.562,72.523,72.485,72.489,72.493,72.498,72.505,72.514,72.522,72.529,72.534,72.54,72.995,73.445,73.89,74.329,74.764,75.195,75.622,76.046,75.735,76.901,76.776,76.598,76.698,
Burkina Faso,85.587,85.65,84.96,84.269,83.546,82.826,82.111,81.354,80.583,79.796,78.965,78.139,77.287,76.432,75.546,74.658,73.741,72.941,72.129,71.305,70.468,69.616,68.745,67.849,66.93,64.646,62.36,60.069,57.773,55.465,52.713,50.881,48.613,48.566,48.306,
Bangladesh,57.325,57.512,57.705,57.896,58.094,58.295,58.495,58.689,58.864,59.018,59.149,59.229,59.258,59.266,59.264,59.259,59.243,59.476,59.712,59.951,60.193,59.773,59.349,58.918,58.541,58.166,57.794,60.504,61.18,61.817,62.238,63.66,64.577,64.544,64.794,
Bulgaria,63.3,63.474,63.658,63.25,62.933,62.628,62.306,62.121,61.804,61.729,61.466,63.534,62.86,61.632,62.785,62.093,64.46,66.386,67.979,67.334,66.867,66.122,67.315,68.537,68.856,69.518,68.73,71.457,71.511,73.283,72.296,71.894,73.659,73.783,73.724,
Bahrain,67.853,67.926,68.065,67.914,67.773,67.685,67.674,67.753,67.937,68.232,68.631,68.817,68.723,68.681,68.823,69.176,69.751,70.527,71.445,72.419,73.068,72.552,72.999,73.047,72.764,72.953,73.55,73.947,73.832,73.445,71.556,71.244,72.559,73.154,73.133,
"Bahamas, The",75.519,76.23,76.924,77.599,78.246,78.471,78.689,78.809,79.029,79.304,79.464,79.576,79.685,79.655,79.682,79.781,79.842,79.844,79.722,79.57,79.621,79.66,79.795,79.767,79.899,80.018,80.096,80.312,80.568,80.686,75.997,77.87,80.149,80.45,80.41,
Bosnia and Herzegovina,59.226,59.25,59.118,58.75,58.321,58.021,57.967,58.053,58.195,58.415,58.692,58.982,59.26,59.515,59.774,60.017,60.231,60.417,60.624,60.657,60.746,60.813,60.778,60.801,60.774,60.877,60.975,61.092,61.206,61.259,61.053,61.426,61.76,62.678,62.902,
Belarus,68.554,68.621,68.877,69.081,69.455,69.901,69.866,69.64,69.676,69.832,70.583,71.31,71.881,72.366,72.75,73.087,73.456,73.778,74.074,74.396,74.713,75.098,75.578,76.072,76.58,77.063,77.501,77.947,78.177,78.36,78.521,78.887,79.393,79.324,79.317,
Belize,57.329,57.7,58.064,58.134,57.972,58.92,59.897,60.889,60.727,61.366,61.643,61.904,62.148,62.39,62.634,62.879,63.124,63.366,63.609,63.853,64.083,64.301,64.53,64.769,65.742,66.106,66.471,66.101,69.07,71.915,66.886,64.578,64.814,65.014,65.063,
Bermuda,,,,,,,,,,,,,,,,,,,,,,,,,,,,,,,,,,,,
Bolivia,70.018,70.363,70.328,70.592,70.917,71.246,71.542,71.9,71.778,71.652,71.524,71.391,71.243,71.08,70.917,70.753,70.588,70.426,70.266,70.109,69.956,69.805,69.655,69.502,69.346,69.19,69.038,70.18,73.408,76.018,74.657,79.614,80.165,80.28,80.658,
Brazil,67.755,67.852,68.235,68.602,68.951,69.284,67.64,68.525,68.715,69.5,69.657,69.803,70.876,70.869,71.501,72.298,71.954,71.731,71.699,72.128,71.02,69.893,69.52,69.608,69.534,69.982,70.248,70.669,70.814,71.417,67.016,69.505,70.743,70.266,70.325,
Barbados,78.57,78.071,77.503,78.268,79.015,80.236,79.645,79.806,79.926,79.984,80.022,80.022,79.98,79.917,80.582,80.293,80.002,79.745,79.536,79.338,79.109,78.848,77.801,78.379,76.888,75.727,76.296,76.754,76.251,76.168,75.29,75.759,75.477,75.87,75.793,
Brunei Darussalam,68.34,68.309,68.758,69.163,69.516,69.814,70.069,70.3,70.521,70.733,70.922,71.074,70.936,70.779,70.618,70.459,70.287,70.016,69.707,69.503,69.415,69.395,69.346,69.258,69.15,69.033,68.941,68.905,70.041,68.636,68.171,68.319,68.596,68.728,68.731,
Bhutan,72.004,71.923,71.85,71.788,71.742,71.708,71.691,71.691,71.713,71.66,71.531,71.434,71.372,71.353,71.383,71.479,71.626,71.783,71.925,72.041,70.318,69.308,66.627,67.401,64.51,65.613,65.401,65.156,64.883,68.603,70.089,71.233,65.719,67.738,67.732,
Botswana,64.568,64.266,64.029,63.805,63.483,63.057,62.614,62.121,61.764,60.852,59.862,60.117,60.338,60.562,60.827,61.102,61.362,62.403,63.412,64.388,61.446,62.192,62.832,63.291,63.667,63.994,64.315,64.668,65.055,65.469,63.789,66.179,66.94,70.631,70.972,
Central African Republic,72.909,73,73.041,73.074,73.099,73.138,73.14,73.138,73.119,73.082,73.017,72.998,72.963,72.888,72.868,72.838,72.855,72.897,72.919,72.983,73.06,73.168,73.349,73.442,73.684,73.844,73.846,73.856,73.864,73.853,73.145,73.018,73.759,73.717,73.712,
Canada,76.695,76.25,75.357,75.112,74.946,74.709,74.611,74.909,75.264,75.85,76.189,76.365,77.442,78.208,78.179,77.782,77.984,78.385,78.525,78.229,78.027,78.034,78.205,78.436,78.095,78.281,78.288,78.702,78.738,79.224,77.724,79.507,79.901,80.297,80.508,
Central Europe and the Baltics,65.6848707,65.6798734,65.54939326,65.22416565,64.89730491,64.47584359,64.26710579,63.98909594,63.884663,63.79657904,63.97622307,64.26250096,63.86594287,63.71956627,63.69782177,63.92547903,63.78830267,63.95893853,64.46996936,64.0205049,65.03681967,65.14273526,65.87762903,66.45666367,67.44917601,68.15372654,68.7387666,69.83360111,70.38640616,70.95922085,71.20404739,72.40285406,73.34116796,73.91204592,73.94800997,
Switzerland,76.405,76.434,76.755,77.169,76.107,76.508,80.013,80.217,81.004,80.873,80.467,81.177,81.273,81.302,80.933,80.823,81.231,81.62,82.324,82.492,81.316,82.039,82.281,82.398,82.895,83.287,83.867,83.953,84.181,84.292,84.088,83.686,83.141,83.998,84.021,
Channel Islands,68.72,68.924,69.125,69.124,69.23,69.552,70.008,70.325,70.632,71.126,71.407,71.518,71.716,71.808,71.881,72.125,72.219,72.33,72.342,72.258,72.155,71.713,71.878,71.964,72.108,72.24,72.403,72.571,72.651,72.753,71.99,72.843,72.934,72.459,72.422,
Chile,55.716,56.589,57.872,58.633,59.206,60.242,61.023,61.119,61.291,61.446,60.777,59.976,59.561,60.119,60.585,60.914,62.139,62.711,64.121,64.009,66.105,67.482,67.6,67.752,68.141,68.307,68.404,69.43,69.901,69.792,63.254,64.904,67.9,69.496,69.695,
China,84.038,83.593,83.144,82.708,82.262,81.805,81.33,80.834,80.346,79.852,79.328,79.121,78.889,78.643,78.38,78.104,77.849,77.609,77.363,77.12,76.894,76.91,76.583,76.298,76.179,76.085,75.948,75.726,75.507,75.4,74.262,75.862,74.7,75.03,74.698,
Cote d'Ivoire,66.037,65.959,65.871,65.782,65.696,65.634,65.578,65.536,65.486,65.703,65.92,66.135,66.347,66.556,66.76,66.961,67.158,67.352,67.55,67.759,67.974,68.199,68.435,68.342,68.224,68.077,67.933,67.364,66.784,66.19,66.358,67.718,68.083,67.835,67.784,
Cameroon,83.287,83.247,83.204,83.128,83.087,83.041,82.985,82.917,82.853,82.8,82.747,82.691,82.63,82.58,82.55,82.511,82.486,82.461,80.771,78.963,77.037,75.997,74.93,73.835,72.712,71.759,70.828,69.908,68.985,68.046,66.498,65.862,66.259,66.193,65.769,
"Congo, Dem. Rep.",72.904,72.876,72.841,72.781,72.632,72.591,72.808,73.014,73.077,73.042,73.014,73,73.01,73.037,73.061,73.071,72.178,71.267,70.338,69.392,68.427,67.444,66.448,66.466,66.49,66.506,66.478,66.451,66.474,66.512,63.601,66.242,66.085,65.916,65.888,
"Congo, Rep.",69.914,69.848,69.789,69.707,69.617,69.585,69.552,69.563,69.573,69.477,69.284,69.106,69.107,69.055,68.956,68.869,68.785,68.677,68.676,68.645,68.622,68.681,68.802,68.913,69.029,69.105,69.118,69.107,69.084,69.051,67.743,68.093,68.833,68.882,68.846,
Colombia,69.224,69.248,69.513,69.929,70.393,70.792,70.843,71.058,70.953,70.282,70.464,70.506,69.461,70.376,69.682,68.354,67.733,67.117,67.497,70.388,70.537,71.097,71.822,71.129,70.979,71.172,70.67,70.388,69.757,68.992,68.244,69.517,68.279,69.087,69.161,
Comoros,42.37,42.336,42.437,42.567,42.624,42.686,42.692,42.683,42.615,42.494,42.4,42.302,42.227,42.132,41.956,42.312,42.677,43.045,43.412,43.776,44.139,44.502,44.867,45.25,45.653,46.642,47.626,48.543,49.411,50.282,50.791,51.843,52.367,52.258,52.565,
Cabo Verde,63.685,63.437,63.197,62.962,62.73,62.496,62.261,62.023,61.777,61.522,61.26,60.998,60.739,60.48,60.215,59.939,59.65,59.348,59.031,58.699,62.159,62.231,62.327,62.444,62.585,62.752,62.946,63.161,59.477,61.779,59.289,59.971,62.492,62.329,62.429,
Costa Rica,60.102,59.268,58.711,59.67,60.23,61.27,59.249,61.382,63.172,63.059,62.553,63.985,63.678,64.109,62.91,65.594,64.975,65.964,65.39,65.337,64.059,65.226,68.84,68.418,69.233,67.897,65.028,65.373,67.866,70.152,66.853,68.377,68.588,63.926,63.962,
Caribbean small states,63.34032587,63.57150074,63.91794981,64.12243253,64.60521136,65.07358852,65.33695954,65.40713186,65.42323587,65.3792553,65.38868983,65.45275039,65.52185899,66.13988161,66.80528397,67.34455473,67.52522381,67.45491286,67.52190704,67.29582795,66.96412328,66.78101438,67.30491069,67.56380018,67.73342542,67.59478459,67.48639272,67.47867205,67.74104039,67.21686699,64.31706373,64.82144667,65.60698797,65.75184454,65.73723781,
Cuba,59.066,58.88,58.67,58.329,58.597,58.948,59.519,59.908,60.148,60.556,60.889,61.069,61.135,61.236,61.374,61.717,62.112,62.384,62.6,64.164,63.667,63.928,64.232,64.571,64.828,65.17,65.284,65.359,65.367,65.223,61.847,62.217,63.866,63.662,63.5,
Curacao,,,,,,,,,,,,,,,,,,,,,,,,,,,,,,,,,,,,
Cayman Islands,,,,,,,,,,,,,,,,,,,,,,,,,,,,,,,,,,,,
Cyprus,67.706,68.122,67.991,68.16,68.287,68.342,68.314,68.208,68.045,67.864,67.711,69.441,69.335,70.544,71.041,70.98,71.238,71.815,71.533,71.674,72.297,72.292,72.967,73.379,74.444,74.14,73.809,74.699,75.952,76.865,76.712,77.563,79.052,79.761,79.879,
Czechia,72.013,71.918,71.981,72.03,72.394,72.36,72.159,72.133,72.137,72.185,71.522,71.041,70.769,70.371,70.098,70.385,70.301,69.816,69.623,70.051,70.155,70.531,71.581,72.848,73.476,73.95,74.907,75.76,76.431,76.561,76.198,76.497,76.951,77.299,77.215,
Germany,70.046,71.937,71.351,70.819,71.18,70.814,70.612,70.964,71.069,71.527,71.438,71.646,71.861,72.368,72.351,73.891,75.304,75.917,76.068,76.415,76.607,77.022,77.15,77.605,77.752,77.575,77.781,78.178,78.511,79.208,78.535,78.655,79.466,79.861,79.966,
Djibouti,36.991,36.923,36.859,36.774,36.687,36.59,36.459,36.21,35.912,35.697,35.54,35.395,35.266,35.231,35.251,35.236,35.148,35.016,34.878,34.744,34.622,34.502,34.385,34.263,34.124,33.963,33.783,33.588,33.405,33.232,32.476,32.666,33.382,33.555,33.555,
Dominica,,,,,,,,,,,,,,,,,,,,,,,,,,,,,,,,,,,,
Denmark,82.392,82.246,82.035,81.173,78.708,79.439,79.408,79.638,79.095,80.349,79.799,78.95,79.61,79.431,80.079,79.725,80.475,80.053,79.277,78.659,77.963,77.749,77.17,76.504,76.522,76.895,77.414,77.866,78.197,79.043,78.921,79.583,80.361,80.754,80.913,
Dominican Republic,58.665,58.641,59.072,59.341,59.403,59.606,59.828,60.182,60.447,60.681,60.86,59.597,60.065,59.142,59.213,59.026,59.856,59.824,60.312,58.031,59.518,60.936,62.161,62.192,62.542,65.249,65.747,65.695,67.399,68.788,63.742,67.128,67.269,68.712,69.142,
Algeria,47.908,48.102,48.114,48.163,48.198,48.112,48.032,47.683,47.382,47.158,46.947,46.751,46.556,46.373,46.227,46.096,46.01,45.947,45.923,45.934,46.254,46.11,45.948,45.779,45.593,45.529,45.5,45.596,45.661,45.685,42.922,43.326,45.095,44.941,44.632,
East Asia & Pacific (excluding high income),80.79735039,80.41095093,80.0808262,79.65253466,79.45197951,79.10635922,78.74755814,78.27269419,77.916164,77.51002786,77.1348893,76.98155836,76.64340725,76.38139867,76.18357386,75.86684765,75.63912045,75.69917945,75.5251731,75.34283782,75.21091875,75.37630378,75.1612468,74.7929656,74.72739176,74.59483805,74.39972421,74.1392975,74.16607881,74.08504462,72.84204879,73.59012603,73.26962604,73.47174646,73.22103917,
Early-demographic dividend,60.41075629,60.4782216,60.56163355,60.4684653,60.74452167,60.81453292,60.99812387,61.19157539,61.39347649,61.59111768,61.63541145,61.43560681,61.15126018,61.06224061,61.0432355,60.91694444,60.5006105,60.247373,59.75217985,59.40171265,59.10874957,58.8993951,58.72487728,58.60395851,58.4439803,58.40874534,58.33554943,58.31214867,58.30608314,58.32390349,57.01566266,57.88461077,58.89442288,59.50522834,59.95627853,
East Asia & Pacific,79.17749496,78.90693588,78.6708887,78.31415852,78.18429111,77.91751467,77.65415697,77.29201814,76.94451499,76.58396854,76.282182,76.17822172,75.88878346,75.6612299,75.52007778,75.28785282,75.12855647,75.21346388,75.0669931,74.89134988,74.78179597,74.95098071,74.78320011,74.51063787,74.5235526,74.45071794,74.33234293,74.15880864,74.25353843,74.23229958,73.08916846,73.82235366,73.61846653,73.8550174,73.6631283,
Europe & Central Asia (excluding high income),65.55068022,65.78651775,65.71553779,64.78561202,65.64318539,65.43844184,65.12812706,64.62580549,64.45700251,64.22957183,63.22884533,63.05756844,62.90704561,62.42121698,61.59015505,61.45727086,61.25426475,61.2076564,61.20166791,61.41531914,61.61542927,61.97409694,61.93428879,62.1762363,62.2187649,62.62767159,63.06075933,63.42232287,63.66391652,63.73829156,62.09393815,62.89736047,63.20837539,63.35101297,63.54420123,
Europe & Central Asia,68.70742063,68.90409503,68.59792822,67.88671596,67.72548465,67.5320786,67.37990598,67.07626107,66.96551696,67.75352343,67.64362976,67.33505385,67.58868836,67.64591323,67.7306418,68.07700155,68.33311849,68.572263,68.8090011,68.74822771,68.8551507,69.04198634,69.37125115,69.60890181,69.84005628,70.13129018,70.53444985,70.85567521,71.1474695,71.22788952,70.49632368,71.28260212,72.28235973,72.60484392,72.6526068,
Ecuador,64.198,64.436,64.461,64.488,64.768,64.841,64.863,65.804,68.072,66.795,65.479,66.132,66.78,67.424,69.589,69.085,70.12,68.989,68.852,66.39,65.193,64.213,64.986,64.879,65.279,68.307,70.342,70.957,69.521,69.138,63.349,68.302,68.271,67.882,67.86,
"Egypt, Arab Rep.",48.775,48.859,49.385,50.113,51.051,49.946,49.248,48.553,47.856,49.515,48.271,47.013,45.346,46.311,47.275,48.238,49.206,50.156,49.868,50.194,51.677,51.162,50.858,50.89,50.639,49.436,48.949,47.261,45.647,44.561,44.021,45.534,45.42,45.483,45.294,
Euro area,66.18587235,66.70960183,66.27380047,66.09447628,66.26639426,66.17912159,66.43180033,66.69080754,67.10260024,67.59426194,67.88284593,67.8410815,68.45069495,69.07234658,69.426993,70.04188693,70.61557267,70.88992881,71.21755394,71.25840658,71.33960079,71.41635541,71.96710717,72.21575509,72.36921445,72.50782365,72.79560057,73.0843387,73.35915818,73.61985807,72.76790656,73.64899054,74.54269828,75.01163545,75.11202547,
Eritrea,82.481,82.491,82.52,82.367,82.191,81.907,81.728,82.013,82.247,82.374,82.465,82.329,82.151,81.946,81.738,81.729,81.829,81.88,81.858,81.716,81.63,81.446,81.317,81.319,81.101,81.278,81.163,81.11,80.781,80.467,79.403,79.871,80.491,80.545,80.538,
Spain,59.485,59.508,59.732,59.999,60.738,60.695,61.318,62.222,62.853,63.659,65.245,64.471,66.533,67.846,68.777,70.048,71.211,71.752,72.694,73.078,73.593,73.921,74.255,74.326,74.279,74.404,74.342,74.092,73.74,73.764,72.267,73.651,74.281,74.586,74.588,
Estonia,78.648,77.417,75.217,73.826,74.067,72.962,72.343,72.427,72.058,70.221,70.353,69.243,68.23,70.449,70.63,70.554,72.808,73.214,74.239,74.08,73.901,74.769,74.845,75.201,75.32,76.324,77.216,78.324,78.665,78.338,78.626,78.856,80.873,81.335,81.218,
Ethiopia,82.965,82.925,82.886,82.95,82.981,83.016,83.073,83.117,83.145,83.194,83.235,83.268,83.257,83.221,83.229,83.226,83.168,83.108,83.048,82.991,82.935,82.882,82.831,82.779,81.116,79.457,77.8,76.156,74.521,72.908,70.678,69.515,69.398,69.15,69.083,
European Union,66.33501187,66.71874328,66.35925152,66.13325482,66.17271043,66.03356884,66.16907925,66.30011818,66.57165173,66.96264306,67.21802,67.26808456,67.63776766,68.05051888,68.31812195,68.87224062,69.28917059,69.52749466,69.88288696,69.7954247,70.11310141,70.2202461,70.81081072,71.15126917,71.47939628,71.74926897,72.12145676,72.59584694,72.93695163,73.28425649,72.67214733,73.61806015,74.50633702,75.01525674,75.10581327,
Fragile and conflict affected situations,71.26142557,71.33825147,71.2746533,71.19079039,71.11430905,71.09542543,71.04006542,70.99055517,70.90982125,70.80888455,70.6944991,70.53129281,70.26294493,70.06678861,69.92471973,69.76071607,69.5251112,69.29780705,69.00332839,68.70404495,68.43450907,68.27184646,67.88500636,67.71889759,67.41947876,66.98036404,66.63949579,66.16919422,65.76497229,65.1561091,63.8822681,63.6131458,63.42574973,65.10763907,64.98449795,
Finland,77.115,75.667,74.2,73.399,72.671,71.909,71.487,72.722,72.91,74.124,74.582,75.379,75.804,75.925,75.933,76.458,76.712,75.373,75.765,74.68,74.175,74.854,74.965,75.028,75.133,75.543,75.667,76.48,77.74,77.947,78.079,78.692,79.654,79.704,79.863,
Fiji,61.039,61.131,60.98,60.933,60.806,60.747,60.637,60.506,60.385,60.266,60.151,60.038,59.925,59.813,59.707,58.264,59.362,60.452,61.531,62.597,63.653,64.699,63.689,62.644,61.562,60.864,60.15,60.073,60.04,60.13,59.528,59.772,60.317,60.333,60.302,
France,66.849,66.358,66.743,66.957,67.055,67.259,67.806,67.558,67.825,68.404,68.472,68.353,68.769,69.564,69.466,69.651,69.585,69.709,69.874,70.222,70.193,70.098,70.739,71.239,70.999,71.223,71.285,71.435,71.871,71.665,71.091,73.009,73.571,73.688,73.792,
Faroe Islands,,,,,,,,,,,,,,,,,,,,,,,,,,,,,,,,,,,,
"Micronesia, Fed. Sts.",,,,,,,,,,,,,,,,,,,,,,,,,,,,,,,,,,,,
Gabon,51.144,51.044,51.103,51.003,50.889,50.735,50.588,50.394,50.241,50.341,50.306,50.21,50.177,50.121,50.13,50.135,50.297,50.328,50.594,50.841,51.004,51.211,51.478,51.738,52.02,52.299,52.601,52.915,53.179,53.313,49.802,50.451,53.344,53.288,53.119,
United Kingdom,76.273,75.913,75.329,74.883,74.665,74.367,74.511,74.65,74.455,74.745,75.018,74.632,74.818,74.853,74.878,75.015,75.372,75.155,75.429,75.221,74.942,75.122,75.69,75.858,76.219,76.473,76.776,77.114,77.499,77.473,77.656,77.017,77.012,77.032,77.077,
Georgia,68.129,68.577,69.066,69.605,70.189,69.922,69.276,68.728,68.544,69.303,66.736,69.098,68.162,69.464,68.182,67.656,66.112,67.713,68.451,70.158,71.459,72.201,73.309,72.941,73.575,74.847,74.16,72.053,69.837,68.553,68.843,66.157,68.776,68.863,68.846,
Ghana,78.215,78.211,77.915,77.615,77.312,77.009,76.705,76.396,76.084,75.77,75.452,75.161,74.868,74.575,74.281,73.981,73.675,73.368,73.058,72.742,72.423,72.1,71.772,71.442,71.112,70.779,69.928,69.079,68.222,67.369,65.939,65.486,64.852,64.854,64.494,
Gibraltar,,,,,,,,,,,,,,,,,,,,,,,,,,,,,,,,,,,,
Guinea,65.564,65.583,65.617,65.66,65.701,65.738,65.766,65.901,66.032,66.082,66.153,66.307,66.395,65.666,64.931,64.192,63.448,62.697,61.942,61.186,60.429,59.671,58.914,58.161,57.408,56.656,55.908,55.161,54.416,53.671,53.164,53.384,53.316,53.161,52.855,
"Gambia, The",49.396,49.408,49.405,49.39,49.452,49.486,49.474,49.37,49.315,49.159,49.032,48.894,49.084,48.912,48.737,48.909,49.019,49.005,48.881,48.747,48.642,49.073,48.996,48.999,49.154,49.107,49.141,49.073,48.92,48.804,48.894,48.847,48.801,48.696,48.668,
Guinea-Bissau,63.929,63.904,63.882,63.879,63.886,63.885,63.893,63.873,63.72,63.684,63.654,63.609,63.558,63.513,63.472,63.441,63.413,63.386,63.351,63.308,63.264,63.228,63.166,63.111,63.042,62.974,62.894,62.798,62.674,62.552,61.957,62.314,62.51,62.57,62.516,
Equatorial Guinea,62.171,62.522,62.839,63.116,63.362,63.565,63.713,63.819,63.888,63.88,63.606,63.077,62.454,61.793,61.153,60.721,60.522,60.438,60.454,60.571,60.785,61.108,61.496,61.879,62.238,62.536,62.751,62.878,62.897,62.796,59.321,59.951,62.467,62.214,61.939,
Greece,59.044,57.586,59.103,59.289,60.071,60.61,61.569,61.602,63.093,63.09,63.182,62.58,63.205,63.893,65.119,65.405,65.815,65.71,65.876,66.574,67.114,66.592,66.846,66.842,66.725,66.982,67.179,67.181,67.027,67.176,66.197,66.82,69.138,69.273,69.347,
Grenada,,,,,,,,,,,,,,,,,,,,,,,,,,,,,,,,,,,,
Greenland,,,,,,,,,,,,,,,,,,,,,,,,,,,,,,,,,,,,
Guatemala,63.413,63.48,63.604,63.686,63.767,63.881,63.907,64,64.121,64.187,64.241,64.236,64.301,64.311,64.349,63.915,63.48,63.045,62.609,62.172,61.734,62.91,66.9,61.882,62.304,62.294,62.407,62.563,62.198,60.969,58.618,59.644,62.055,62.055,62.027,
Guam,75.493,75.168,74.815,74.432,74.021,73.601,73.172,72.731,72.283,71.829,71.386,69.194,65.935,65.687,65.41,64.89,66.618,61.37,63.465,65.544,65.357,66.797,66.972,67.179,67.393,67.644,67.918,68.179,68.5,68.723,67.287,67.967,69.796,70.149,70.477,
Guyana,61.322,61.671,62.076,62.495,62.14,61.782,61.424,61.063,60.698,60.326,59.942,59.537,59.102,59.202,59.248,59.266,59.255,59.222,59.171,59.103,59.019,58.924,58.779,58.594,58.425,58.286,58.182,58.11,58.237,54.504,53.981,54.141,53.62,53.362,53.283,
High income,70.28585488,70.43306788,70.36313097,70.03727065,69.89197261,69.8841188,69.94181334,69.96511571,69.84231094,70.39106064,70.50758457,70.26840396,70.38706831,70.39407577,70.56106029,70.88582295,71.21071583,71.39995018,71.59681995,71.33209523,71.29976646,71.33398652,71.68132689,71.89121554,72.19256038,72.41724268,72.8177215,73.16819497,73.56711125,73.87964796,73.19520338,73.8573117,74.58594339,75.05608149,75.17240036,
"Hong Kong SAR, China",69.44,69.843,69.107,68.938,69.044,69.115,69.14,69.204,69.354,69.275,69.177,69.677,70.214,69.831,69.888,69.866,69.902,70.042,69.538,69.484,68.237,68.933,69.535,70.588,70.669,71.223,71.544,71.896,72.431,72.079,71.569,71.959,71.322,71.47,71.674,
Honduras,67.373,67.056,67.176,67.315,67.172,67.304,67.246,67.315,67.345,67.177,65.645,65.083,64.518,63.951,63.38,62.805,61.014,60.068,60.711,61.849,63.103,60.863,59.662,63.902,65.572,65.482,64.937,65.696,68.326,66.18,61.756,64.577,65.837,59.326,59.204,
Heavily indebted poor countries (HIPC),72.7657554,72.82677856,72.79459313,72.68354852,72.64276328,72.67602994,72.64919498,72.58752875,72.51942567,72.4464908,72.37408956,72.33256838,72.27466315,72.19248974,72.12887301,72.0412267,71.80920927,71.55469886,71.25202197,70.9527556,70.66561162,70.69854483,70.49607939,70.3158624,69.41437515,68.82810258,68.29710941,67.57848536,67.32767884,66.98886634,65.61592029,66.03036643,66.04198762,67.58734633,67.49635189,
Croatia,65.563,65.545,65.238,64.917,64.601,64.3,64.046,63.814,63.604,63.46,63.379,63.251,62.993,63.166,64.637,64.62,64.101,65.592,65.768,65.617,65.133,64.178,63.894,63.707,66.124,66.999,65.642,66.497,66.402,66.662,67.236,68.805,70.01,69.877,69.978,
Haiti,67.785,67.447,67.107,66.765,66.422,66.08,65.617,65.154,64.69,64.225,63.761,63.982,64.206,64.43,64.654,64.877,65.244,65.619,65.99,66.368,66.711,66.882,66.851,66.987,67.065,67.081,67.12,67.191,67.228,67.119,66.497,66.784,66.701,66.592,66.511,
Hungary,61.838,61.506,61.395,61.375,61.405,61.443,61.481,61.537,61.636,61.835,62.206,62.651,63.048,63.344,63.651,63.886,64.067,64.077,64.065,63.544,64.145,64.526,65.547,66.606,68.705,70.461,72.071,73.058,74.011,74.648,75.021,76.166,77.186,78.074,78.188,
IBRD only,70.87810711,70.69266163,70.53002298,70.20975271,70.09142461,69.95972513,69.70719507,69.54218542,69.38783942,69.41852687,69.21497858,68.99866241,68.76854276,68.61010429,68.54749767,68.44108292,68.10183845,67.89747039,67.52664386,67.1912416,66.79653877,66.63941546,66.3948818,66.15499351,66.03873909,65.98269933,65.89862462,65.76154329,65.6964849,65.61333168,64.07385236,65.21530275,65.5704971,66.0320973,66.21408853,
IDA & IBRD total,70.1936559,70.04638925,69.90566171,69.63357687,69.53952237,69.40612804,69.22035924,69.1005711,68.98153009,69.00118526,68.8228538,68.63195904,68.42454883,68.27893088,68.20915579,68.09324804,67.77708226,67.57165584,67.2323474,66.95525472,66.63481564,66.49774167,66.26504229,66.05424322,65.86505573,65.78251138,65.65282065,65.51458603,65.42831556,65.3440924,64.01645656,64.95804518,65.25189299,65.80518871,65.92502926,
IDA total,67.01992928,67.07630983,67.06490942,67.04113601,67.08482998,66.97114392,67.10002517,67.1942039,67.24414098,67.234053,67.17846035,67.10840706,67.00799836,66.92751817,66.84110825,66.6998295,66.49019054,66.29746789,66.0964522,66.05613077,66.02682226,65.97227675,65.78964698,65.68953947,65.24426165,65.07709263,64.80022547,64.67241432,64.52996278,64.45873534,63.83134266,64.14432858,64.27193628,65.10226312,65.04112123,
IDA blend,66.71539592,66.91482842,67.02207062,66.97611817,67.04217446,66.75606904,67.04610664,67.32662804,67.2138628,67.30498127,67.34985545,67.287578,67.14960294,67.10594629,67.00212791,66.77788315,66.55766577,66.40526408,66.20279604,66.23614917,66.28267448,66.17407844,66.29844373,66.39117321,66.19795132,66.60273975,66.5640879,66.2972536,65.98028028,66.13222139,66.06345766,66.69536902,66.71251225,67.1946018,67.20136215,
Indonesia,68.087,67.766,68.037,67.336,68.717,68.699,68.678,68.073,68.672,69.089,69.587,69.101,68.024,67.653,67.61,66.571,66.415,68.401,68.599,68.253,68.858,69.388,69.951,69.272,69.063,69.001,68.742,69.047,70.027,70.571,69.644,68.175,69.08,69.073,69.106,
IDA only,67.17782654,67.1604668,67.08722951,67.07495091,67.10700119,67.08301044,67.12816739,67.12480153,67.26006178,67.19667362,67.08782982,67.01322654,66.93260534,66.83234885,66.75492049,66.65791506,66.45387248,66.23924207,66.03876025,65.95809187,65.88708356,65.86196795,65.51179156,65.30658384,64.72459076,64.248143,63.84605919,63.79661183,63.75030024,63.56180173,62.63764828,62.78128424,62.96928408,63.94270191,63.83474991,
Isle of Man,,,,,,,,,,,,,,,,,,,,,,,,,,,,,,,,,,,,
India,59.868,59.919,59.973,60.029,60.092,60.47,60.851,61.237,61.625,62.014,62.401,62.253,62.104,61.955,61.8,61.646,60.664,59.7,58.759,57.843,56.953,56.314,55.693,55.616,55.531,55.436,55.339,55.242,55.139,55.03,54.374,55.481,56.664,57.922,58.987,
Not classified,,,,,,,,,,,,,,,,,,,,,,,,,,,,,,,,,,,,
Ireland,69.686,70.597,69.615,70.349,70.976,71.318,72.566,71.879,72.887,73.248,73.834,73.862,73.689,73.526,73.628,74.926,75.169,75.564,74.838,73.018,71.604,71.18,71.128,71.795,71.84,72.061,72.663,72.633,72.939,73.251,71.883,74.793,76.499,77.226,77.494,
"Iran, Islamic Rep.",48.053,47.822,47.377,46.909,46.374,45.759,45.096,45.16,45.235,45.355,45.536,45.793,46.121,46.599,47.228,47.927,47.118,46.308,44.154,44.938,44.363,42.714,44.009,43.452,43.344,44.565,46.019,47.313,47.579,47.371,44.693,44.486,44.273,44.233,44.05,
Iraq,44.081,44.016,43.823,43.783,43.743,43.676,43.631,43.5,43.508,43.512,43.511,43.507,43.5,43.49,43.477,43.462,43.443,43.421,43.264,43.108,42.954,42.801,42.645,43.649,44.665,44.72,44.775,43.509,43.453,43.297,41.501,41.507,43.027,43.022,42.93,
Iceland,82.002,82.042,82.702,82.452,82.918,85.971,84.58,83.648,85.366,86.76,88.549,88.415,87.163,87.744,86.615,85.765,86.844,86.916,85.962,84.3,84.483,84.269,84.684,85.647,87.168,88.207,89.202,88.528,87.356,87.095,84.88,84.87,86.496,86.713,86.792,
Israel,65.785,66.273,66.887,68.5,69.522,70.025,69.464,69.11,68.414,68.809,69.501,69.341,68.476,68.918,69.485,69.882,70.388,71.004,70.856,70.799,71.167,70.928,73.247,73.156,73.833,73.842,73.799,73.803,73.654,73.339,71.665,71.819,73.499,73.636,73.778,
Italy,60.072,60.546,58.684,58.267,57.903,57.704,58.152,58.444,59.096,59.59,59.895,60.2,60.885,61.584,62.875,62.488,62.661,62.43,62.911,62.241,62,62.042,63.464,63.316,63.892,63.976,64.881,65.381,65.581,65.69,64.086,64.484,65.556,66.696,66.856,
Jamaica,75.749,75.397,75.01,74.572,74.095,73.586,73.051,72.487,71.911,71.065,70.402,69.751,69.328,68.907,68.755,68.477,68.158,67.817,67.471,65.053,63.339,64.028,63.899,65.036,65.707,68.823,68.302,69.072,68.924,70.577,68.42,69.347,71.497,71.915,72.239,
Jordan,40.352,40.748,40.54,40.684,40.773,40.76,40.851,40.859,40.87,40.875,40.859,40.333,39.89,38.959,39.456,39.95,39.404,41.609,41.362,41.992,41.378,40.93,39.899,38.969,38.135,39.424,40.792,42.188,41.192,41.408,42.221,40.883,40.845,40.916,40.917,
Japan,70.188,70.75,71.23,71.403,71.467,71.591,72.092,72.663,72.692,72.544,72.624,72.748,72.436,72.387,72.415,72.919,73.432,73.845,74.023,74.083,74.064,74.116,74.371,75.241,75.902,76.225,77.122,77.884,79.073,79.798,79.842,80.257,80.9,81.51,81.912,
Kazakhstan,75.818,76.077,76.144,76.275,76.505,76.612,76.492,76.403,76.498,76.55,76.456,76.252,76.093,76.106,75.865,76.19,76.501,76.825,77.174,77.268,77.454,77.776,78.174,78.624,79.034,79.34,79.588,79.864,80.104,80.331,79.325,79.814,79.988,79.801,79.454,
Kenya,73.932,73.859,73.779,73.693,73.606,73.524,73.446,73.356,73.273,73.175,73.256,73.336,73.415,73.493,73.573,73.655,73.74,73.826,73.914,74.004,74.099,74.2,74.302,74.403,74.506,74.606,74.697,72.614,70.426,68.129,67.419,67.869,67.659,67.459,67.208,
Kyrgyz Republic,73.282,74.002,75.181,76.521,78.278,78.799,78.389,77.76,77.642,77.408,77.055,76.715,76.754,76.316,75.889,75.933,75.707,75.058,74.372,74.038,73.996,73.291,70.923,69.206,68.205,68.59,68.237,66.7,67.727,67.844,68.324,68.519,69.058,69.259,69.379,
Cambodia,82.59,82.561,82.515,82.491,83.074,82.919,82.808,82.727,82.692,82.601,82.578,82.545,82.506,82.46,82.762,83.065,83.367,83.666,81.437,84.385,87.114,87.661,85.366,82.749,83.035,82.766,84.453,84.412,84.98,85.543,85.369,82.942,83.589,83.65,83.758,
Kiribati,,,,,,,,,,,,,,,,,,,,,,,,,,,,,,,,,,,,
St. Kitts and Nevis,,,,,,,,,,,,,,,,,,,,,,,,,,,,,,,,,,,,
"Korea, Rep.",61.711,62.535,62.841,62.983,63.776,64.173,64.432,64.815,63.141,63.114,63.614,64.136,64.779,64.624,65.41,65.262,65.269,65.189,64.877,64.374,64.726,65.22,65.52,65.893,67.242,67.873,68.128,68.575,68.555,68.772,67.886,68.399,70.01,70.658,70.891,
Kuwait,66.317,65.621,65.019,65.473,67.226,68.398,68.424,67.927,67.495,67.215,67.151,67.337,67.775,68.433,69.218,69.576,69.333,69.115,69.15,69.417,69.894,70.91,71.963,72.605,73.163,73.693,74.121,74.676,74.992,75,70.419,71.735,75.837,75.613,75.398,
Latin America & Caribbean (excluding high income),65.02841641,65.17456754,65.52361618,65.97523852,66.30344182,66.58679863,66.12106204,67.00634066,67.20536,67.28361315,67.13478652,67.16454347,67.35596129,67.68661498,68.25118685,68.61148315,68.80963958,68.75369902,68.66165201,69.05224083,68.55263459,68.23916615,68.46615358,68.30026625,68.06729595,68.33081645,68.44889042,68.70219836,68.94041664,69.36572106,65.25306866,68.1202717,69.11665135,69.07411315,69.14418931,
Lao PDR,65.508,65.467,65.397,65.318,65.183,65.067,64.949,64.826,64.766,64.623,64.511,64.398,64.28,64.155,64.02,63.865,63.692,63.56,63.423,63.296,63.146,63.01,62.875,62.738,62.611,62.457,62.285,62.137,63.301,64.493,65.174,66.656,68.41,68.437,68.616,
Lebanon,46.237,46.251,45.94,45.8,45.742,45.739,45.621,45.769,45.845,46.03,46.159,46.215,46.277,46.348,46.339,46.206,46.071,45.934,46.446,46.964,47.49,48.027,48.573,49.135,49.71,50.409,51.235,52.063,52.881,53.685,49.821,50.527,50.591,50.726,,
Liberia,78.364,78.373,78.336,78.295,78.236,78.198,78.168,78.142,78.123,78.109,78.095,78.084,78.084,77.947,77.965,77.989,78.027,78.074,78.09,78.093,78.103,78.011,77.948,77.993,77.985,77.949,77.898,77.863,77.813,77.732,76.976,77.209,77.717,77.755,77.728,
Libya,47.283,47.348,47.424,47.516,47.633,47.784,47.979,48.216,48.5,48.818,48.922,48.85,48.858,48.93,49.058,49.219,49.576,50.11,50.618,51.112,51.599,52.01,52.305,52.478,52.589,52.648,52.67,52.66,52.619,52.55,51.843,52.235,52.035,51.86,51.614,
St. Lucia,67.18,67.177,67.334,67.482,67.617,67.735,67.838,67.927,68.156,68.551,68.979,69.267,69.535,69.789,70.035,70.285,70.547,70.867,71.262,71.698,72.094,72.432,74.57,74.821,74.88,74.933,74.993,75.067,75.524,74.181,58.257,71.229,75.167,75.474,75.529,
Latin America & Caribbean,64.57996931,64.79669844,65.17107625,65.62110853,65.9422678,66.25511889,65.86807541,66.70022704,66.90750496,66.95123257,66.79565671,66.83214616,66.95169542,67.23799019,67.81339704,68.21136,68.46252676,68.42846573,68.38639118,68.70387187,68.30603576,68.06127648,68.28616712,68.12620175,67.92718662,68.13636246,68.20951028,68.42179461,68.62671579,68.91169022,64.83550668,67.47400327,68.53702534,68.52427834,68.5871731,
Least developed countries: UN classification,67.75658149,67.8343773,67.85574155,67.83375233,67.86937545,67.95091427,67.98560766,67.99268207,67.99919561,67.98115274,67.93683303,67.90330991,67.85948548,67.79497311,67.74934237,67.68755937,67.53710256,67.41567634,67.23585874,67.15763135,67.08649683,67.07807785,66.82982802,66.54376366,65.83122909,65.20830461,64.77848169,64.73319817,64.72843841,64.57032389,63.71881969,63.9092935,64.10400701,65.29535296,65.22139245,
Low income,69.80867788,69.85898878,69.80772433,69.63390825,69.5102241,69.51731917,69.5039769,69.44057062,69.37083982,69.29333233,69.18249162,68.98564923,68.74865768,68.50348996,68.28476303,68.02673515,67.5661997,67.05687186,66.64328278,66.28723636,65.94670963,66.14338134,65.71955043,65.50212549,64.70170871,63.98228248,63.5140787,62.98647185,62.86003722,62.65854054,61.56620336,61.81660319,61.90442308,64.10754705,63.71770231,
Liechtenstein,,,,,,,,,,,,,,,,,,,,,,,,,,,,,,,,,,,,
Sri Lanka,64.991,62.467,59.874,60.008,60.409,58.075,58.664,58.503,62.426,60.786,58.946,58.726,58.516,58.311,58.106,57.905,57.71,57.521,57.336,57.153,56.973,56.637,56.349,55.855,55.681,57.913,58.012,58.361,56.264,56.817,55.114,54.716,54.639,54.854,54.888,
Lower middle income,62.28897659,62.33289992,62.37213325,62.43054053,62.52116918,62.61884653,62.84126666,63.03609797,63.21333701,63.43772304,63.52845729,63.44932465,63.2545641,63.18040919,63.12149802,63.04625716,62.54428234,62.08069408,61.5703461,61.17939975,60.81271353,60.44346202,60.05161764,60.00296036,59.90472612,59.84948584,59.7481764,59.63435036,59.56316615,59.53172301,58.8040201,59.65057317,60.53130242,61.26774659,61.82044779,
Low & middle income,70.08518401,69.92256437,69.77889083,69.56564975,69.54556129,69.4182138,69.26048457,69.1866738,69.09612633,68.99293217,68.79745483,68.6328074,68.40592801,68.26129252,68.14586508,67.99062932,67.63599354,67.38588896,67.00103324,66.72718653,66.36755245,66.2091238,65.94549086,65.7141318,65.51536915,65.4416907,65.31327166,65.18253587,65.10780864,65.06392386,63.72317741,64.6934819,64.98343807,65.57225215,65.70751626,
Lesotho,74.89,74.917,74.915,74.867,74.804,74.706,74.615,74.494,74.329,74.147,73.672,73.19,72.698,72.197,71.69,71.178,70.651,70.102,69.545,68.984,68.42,67.855,67.292,66.734,65.607,64.45,63.255,62.04,60.806,59.56,58.997,58.915,60.048,59.98,59.667,
Late-demographic dividend,79.19997306,78.91777425,78.62461423,78.23073731,77.82443961,77.5323012,77.02891578,76.64364585,76.24565401,76.16378175,75.79748891,75.63230322,75.53647458,75.37217858,75.29775249,75.24761709,75.07736174,74.98713066,74.90017601,74.8104245,74.58066766,74.61497037,74.43026419,74.23305803,74.23788612,74.28685747,74.2355316,74.16520354,74.13108005,74.07083365,72.71933445,74.01121883,73.57292054,73.77412255,73.61181622,
Lithuania,76.127,75.647,75.149,74.648,74.162,73.724,73.258,72.716,72.128,72.464,71.111,70.062,69.701,72.135,69.278,68.65,67.53,67.909,68.463,69.645,70.263,71.391,71.826,72.427,73.735,74.144,75.466,75.968,77.339,78.022,78.533,78.184,78.303,78.175,78.324,
Luxembourg,60.157,61.769,62.91,62.355,62.341,60.339,61.268,61.642,61.977,63.063,64.266,64.06,65.307,64.458,65.649,66.549,66.509,66.483,66.442,68.573,68.083,67.701,69.289,69.627,70.224,71.309,70.625,70.107,71.006,71.916,72.112,73.32,73.135,74.007,74.109,
Latvia,70.577,70.636,70.606,70.738,70.497,70.359,70.256,69.964,70.055,68.404,67.152,67.631,69.283,68.736,68.693,69.158,71.056,72.699,74.302,73.7,73.067,72.987,74.487,74.037,74.484,75.692,76.241,77.028,77.489,77.551,78.187,75.802,76.737,76.639,76.445,
"Macao SAR, China",61.829,62.321,62.628,64.874,66.82,68.526,70.015,71.284,70.877,71.387,71.307,70.525,69.493,66.83,67.621,68.85,70.807,73.686,74.838,75.102,75.077,76.035,76.179,76.423,77.34,77.159,76.547,76.704,77.324,77.38,76.738,78.326,77.354,74.852,75.087,
St. Martin (French part),,,,,,,,,,,,,,,,,,,,,,,,,,,,,,,,,,,,
Morocco,52.556,52.459,52.759,53.004,52.798,53.24,52.963,53.224,53.129,53.24,53.306,53.175,52.614,52.685,52.728,52.747,52.834,52.873,52.942,52.484,52.026,51.643,50.877,50.852,50.673,50.156,49.252,48.297,48.711,49.14,47.729,48.574,47.612,47.775,47.67,
Monaco,,,,,,,,,,,,,,,,,,,,,,,,,,,,,,,,,,,,
Moldova,64.559,64.801,65.026,65.221,65.388,65.475,65.607,65.613,65.704,65.736,65.711,63.627,62.503,60.514,58.212,57.144,60.338,60.156,61.028,62.252,64.774,65.726,65.988,66.441,70.966,72.21,71.926,70.446,68.737,71.473,71.839,74.416,74.013,72.367,72.517,
Madagascar,87.463,87.411,87.345,87.288,87.258,87.25,87.277,87.324,87.386,87.448,87.503,87.556,87.669,87.693,87.708,87.692,87.713,87.717,87.705,87.673,87.624,87.552,87.463,87.363,87.258,87.156,86.959,86.791,86.657,86.546,85.718,86.173,86.346,86.342,86.374,
Maldives,50.195,50.571,50.947,51.32,51.689,52.055,52.786,53.518,54.25,54.981,55.705,55.482,55.262,55.045,54.83,54.616,54.377,54.104,53.822,53.54,54.539,55.533,56.52,57.503,58.479,59.44,60.386,62.226,64.048,65.855,64.974,66.469,65.919,65.907,66.385,
"Middle East, North Africa, Afghanistan & Pakistan",49.75233222,49.85640594,49.89781924,49.85416393,49.858743,49.3437363,49.36723284,49.50423888,49.31474795,49.6768164,49.60467639,49.36020188,49.06182586,49.27543119,49.5217557,49.68427979,49.65391272,49.72783995,49.4389156,49.79307912,50.16095755,49.90284774,50.10497264,50.25417864,50.23221323,50.46096371,50.59287924,50.27679747,49.9325735,50.02529764,49.03287312,49.57673328,49.65840256,49.71998285,49.6547687,
Mexico,60.125,60.237,60.797,61.434,61.5,61.605,61.71,63.176,62.889,62.097,62.004,61.361,60.89,61.347,62.033,62.897,63.775,63.911,63.616,63.615,63.483,63.729,64.499,64.355,63.801,63.862,63.846,63.694,63.995,64.859,60.241,64.006,65.113,66.026,66.127,
Marshall Islands,,,,,,,,,,,,,,,,,,,,,,,,,,,,,,,,,,,,
Middle income,70.10075679,69.926147,69.77725621,69.56174432,69.54759935,69.41245485,69.24626248,69.17179421,69.07993245,68.97508431,68.77443473,68.6115708,68.38510086,68.24641843,68.1372509,67.98836638,67.64042717,67.40711203,67.02444445,66.75639221,66.39591058,66.21362174,65.96116324,65.72900394,65.57309477,65.54667392,65.444993,65.34658949,65.27947655,65.25197628,63.89571272,64.92864822,65.24256266,65.68777451,65.86480651,
North Macedonia,61.792,62.056,61.785,61.524,61.214,60.886,60.6,60.514,60.001,59.532,59.788,60.035,60.194,60.869,60.892,60.942,61.184,62.483,63.105,63.249,61.628,63.374,63.202,64.093,64.513,63.936,63.614,63.937,63.797,64.791,64.132,63.969,65.904,65.889,65.938,
Mali,72.361,72.431,72.414,72.41,72.39,72.338,72.307,72.257,72.206,72.138,72.049,72.027,71.962,71.938,71.904,71.918,71.945,71.974,72.015,72.061,72.113,72.16,72.226,72.283,72.298,72.466,71.756,71.033,70.976,70.899,67.327,70.161,71.032,70.935,70.888,
Malta,57.269,57.324,57.507,57.668,57.702,57.785,58.122,58.41,58.568,58.641,58.181,58.935,58.872,58.709,57.151,57.741,57.956,58.889,59.129,59.453,60.556,62.05,64.021,66.326,67.845,68.828,70.575,72.13,74.665,75.846,77.05,78.157,79.837,80.377,80.878,
Myanmar,72.796,72.858,72.719,72.649,72.55,72.456,72.372,72.3,72.219,72.026,71.769,71.555,71.324,71.052,70.775,70.489,70.206,69.943,69.706,69.466,69.263,69.159,69.018,68.854,68.728,68.659,67.44,66.199,66.601,64.789,64.405,59.352,59.427,59.642,59.666,
"Middle East, North Africa, Afghanistan & Pakistan (excluding high income)",49.01999889,49.13347107,49.13793055,49.05879016,49.04492637,48.49175042,48.53552821,48.70194371,48.52058708,48.91204158,48.79078608,48.53724329,48.22081583,48.42580229,48.66454734,48.80433439,48.70793176,48.69931988,48.29333263,48.62014076,48.91874941,48.49839472,48.51274066,48.50489251,48.3338369,48.427181,48.44082725,48.16045105,47.77496357,47.82638711,46.7715869,47.40738268,47.33158451,47.31940317,47.17126336,
Montenegro,56.393,56.468,56.537,56.588,56.509,56.391,56.326,56.315,56.303,56.512,56.574,56.684,56.724,56.731,56.784,56.889,56.998,57.146,57.317,57.241,57.219,57.223,58.596,58.861,61.538,62.348,63.066,63.162,64.406,65.909,61.239,59.147,59.714,59.846,59.798,
Mongolia,60.354,61.009,61.694,62.043,62.116,61.991,62.089,62.116,62.173,62.233,62.37,62.403,62.332,62.15,61.967,61.824,61.709,61.635,60.822,61.218,61.399,62.42,62.366,62.308,62.436,62.608,61.26,62.08,62.84,67.62,65.343,63.591,65.341,64.985,64.635,
Northern Mariana Islands,,,,,,,,,,,,,,,,,,,,,,,,,,,,,,,,,,,,
Mozambique,84.332,84.318,84.28,84.265,84.224,84.17,84.14,84.145,84.501,84.84,85.164,85.473,85.769,86.053,85.571,85.075,84.564,84.037,83.494,82.937,82.364,81.774,81.169,80.546,79.907,79.251,79.236,79.215,79.2,79.185,78.436,78.4,79.297,79.162,79.097,
Mauritania,47.324,47.274,47.223,47.186,47.119,47.096,47.062,46.994,46.951,46.91,46.844,46.629,46.423,46.235,46.039,45.856,45.702,45.485,45.297,45.132,44.97,44.808,44.643,44.182,43.687,43.194,42.705,42.221,42.181,42.126,41.706,41.763,42.15,42.003,41.889,
Mauritius,64.384,64.409,64.376,64.314,64.224,64.093,63.95,63.805,63.667,63.529,63.396,62.1,62.87,65.067,63.611,64.044,63.838,62.988,63.103,63.334,64.209,63.636,63.95,65.261,65.718,66.481,66.069,66.586,66.465,67.393,63.806,60.984,64.76,64.698,64.897,
Malawi,80.582,80.67,80.686,80.768,80.766,80.846,80.869,80.875,80.89,80.886,80.855,80.8,80.776,80.768,80.762,80.76,79.705,78.614,77.483,76.305,75.081,73.81,72.94,72.046,71.131,70.194,69.236,68.258,68.124,67.981,68.952,67.613,67.875,67.847,67.547,
Malaysia,64.796,64.764,64.748,64.732,64.742,64.758,64.79,64.867,65.107,65.153,65.083,64.99,64.806,64.627,64.449,64.314,64.225,64.185,64.217,64.358,64.449,64.569,65.723,66.881,68.033,68.354,68.338,68.555,69.065,69.499,69.332,69.565,69.641,69.753,69.917,
North America,75.41152309,75.16391676,75.37854676,75.30507451,75.44269405,75.57235639,75.73245811,76.03174628,75.98075726,75.95435923,75.91996332,75.55710625,75.29493556,74.83063227,74.50672819,74.41116018,74.5279438,74.35465578,74.35265221,73.72550779,73.11311081,72.63997673,72.63680588,72.43201769,72.31093678,72.26328928,72.57169469,72.95344277,73.19561561,73.65840759,72.4790756,72.98814757,73.57853653,74.29080288,74.46632271,
Namibia,56.872,56.841,56.831,56.794,56.765,56.143,55.523,54.906,55.068,55.23,55.393,55.679,55.967,56.255,56.543,56.828,57.112,57.399,57.691,57.988,58.292,58.599,58.903,62.933,62.334,62.419,62.484,61.29,60.052,60.112,59.06,59.442,60.286,60.389,60.424,
New Caledonia,68.983,69.071,69.301,69.548,69.758,69.911,70.174,70.381,70.644,70.804,70.922,71.01,71.034,71,70.949,70.865,70.847,70.965,71.109,71.191,71.17,71.173,71.231,71.304,71.36,70.233,69.061,67.87,66.65,65.407,65.421,65.578,65.667,65.487,65.214,
Niger,79.745,79.727,79.719,79.706,79.7,79.698,79.704,79.736,79.802,79.848,79.898,79.977,80.054,80.127,80.197,80.287,80.37,80.44,80.518,80.57,80.63,80.654,78.759,76.735,74.586,74.387,74.189,73.99,73.792,73.594,72.893,72.947,73.326,73.43,73.298,
Nigeria,83.883,83.961,83.875,84.046,84.207,84.301,84.234,84.214,84.207,84.279,84.189,84.07,83.619,83.447,83.204,83.064,82.938,82.792,82.638,82.434,82.229,82.128,82.068,81.905,81.751,81.742,81.915,81.982,82.002,82.009,82.185,82.13,82.092,83.415,83.36,
Nicaragua,59.33,59.229,59.152,59.044,59.094,59.251,59.837,60.392,60.943,61.359,61.777,62.197,62.618,63.041,63.463,63.878,64.267,64.639,65.01,65.38,65.749,66.116,66.486,66.864,67.257,67.451,67.637,67.827,67.654,67.501,66.866,67.842,67.879,68.085,68.158,
Netherlands,78.352,78.546,78.864,79.022,79.125,79.185,79.417,79.674,79.931,80.236,80.554,80.75,80.721,80.603,80.449,80.34,80.448,80.577,80.75,80.672,80.482,80.668,81.603,81.912,81.562,82.184,82.188,82.222,82.768,83.393,83.414,83.678,84.73,85.497,85.675,
Norway,75.385,75.753,76.106,76.498,76.936,77.377,77.93,78.461,78.892,79.167,79.334,79.434,79.476,79.434,79.516,79.623,79.758,79.867,79.851,79.622,78.981,79.014,79.127,79.168,78.837,79.181,79.021,78.385,78.889,79.333,79.391,79.865,80.352,80.318,80.389,
Nepal,43.323,43.313,43.329,43.331,43.306,43.271,43.229,43.201,43.181,43.168,43.156,43.149,43.148,43.152,43.161,43.151,43.114,43.071,43.036,43.017,43.016,42.977,42.862,42.698,42.548,42.46,42.36,42.207,42.07,42.185,41.79,41.912,42.21,42.273,42.272,
Nauru,,,,,,,,,,,,,,,,,,,,,,,,,,,,,,,,,,,,
New Zealand,73.079,73.175,72.835,72.881,73.768,74.579,75.46,75.372,74.956,74.918,75.023,75.575,76.209,75.848,76.318,77.235,77.84,78.065,77.933,77.723,77.457,77.767,77.59,77.464,78.647,78.715,79.908,80.953,81.157,80.932,80.654,81.576,82.531,83.274,83.429,
OECD members,69.13173057,69.31116234,69.24716259,69.01882831,69.24253344,69.2523195,69.42512804,69.6792773,69.66714873,69.70225892,69.6765076,69.53934871,69.51919635,69.53836866,69.49088457,69.7780924,70.07352122,70.12550221,70.27931817,70.24780134,70.18253018,70.24170538,70.5871927,70.72999796,70.83330545,71.0025479,71.32074647,71.67707596,72.0044346,72.33080169,70.93337261,71.97376678,72.76276712,73.35472588,73.5285435,
Oman,58.075,59.063,59.895,60.663,60.737,60.133,59.616,59.04,58.636,58.373,57.951,57.676,57.691,57.832,57.97,58.095,58.394,58.892,59.586,60.449,61.546,64.668,68.021,69.699,70.563,71.404,72.258,72.663,72.502,71.773,67.483,67.463,69.893,69.98,69.922,
Other small states,64.27757034,63.88052382,63.40860347,63.11846509,63.16543569,63.02619158,62.7701829,62.61254384,62.43657167,61.95229177,61.78770702,61.5225177,61.36285598,62.06309545,61.78999573,61.79602489,62.13863828,62.08137773,62.04438304,61.86258242,62.0144376,61.9723407,62.04172489,62.43826022,62.64679045,62.99579236,63.12419575,63.4823852,63.68675496,64.20901902,63.25464891,63.16098902,63.96597696,64.18365597,64.22735343,
Pakistan,50.28,50.717,50.725,50.29,50.151,49.275,50.135,50.994,50.819,51.094,51.368,51.494,51.621,51.767,51.911,51.681,51.448,51.48,51.519,52.109,52.665,52.497,52.825,53.15,52.744,53.71,53.358,53.008,52.659,53.59,53.742,54.947,54.815,54.876,54.931,
Panama,56.682,60.299,61.59,62.838,63.242,64.139,64.34,64.536,65.891,65.785,66.236,66.688,67.141,67.331,67.98,68.19,67.28,67.901,69.445,67.684,68.833,67.121,69.096,69.828,69.907,70.143,70.589,70.441,72.286,73.383,71.976,67.74,71.262,70.545,70.606,
Peru,60.252,60.255,60.025,61.005,61.997,64.258,66.008,67.669,68.813,70.113,67.776,70.827,72.075,73.32,74.546,75.752,79.018,81.404,81.219,81.82,82.519,82.15,81.882,81.557,80.685,79.326,79.059,80.744,80.86,80.921,72.345,75.445,78.557,76.588,76.736,
Philippines,62.544,62.625,62.681,62.689,62.646,62.596,62.519,62.458,62.534,62.512,62.463,62.446,62.415,62.35,62.752,62.806,62.695,62.512,62.365,62.773,62.761,63.652,63.186,62.923,63.728,62.954,63.197,60.949,60.799,61.331,56.681,58.501,63.462,63.476,63.174,
Palau,,,,,,,,,,,,,,,,,,,,,,,,,,,,,,,,,,,,
Papua New Guinea,73.292,73.139,72.873,72.49,72.435,72.656,72.546,72.783,73.011,73.066,73.25,71.21,69.076,66.852,64.543,62.159,59.711,57.209,54.666,52.095,49.512,49.838,50.094,50.364,50.451,50.666,50.902,51.174,51.526,51.778,51.579,52.112,52.723,52.735,52.791,
Poland,68.967,69.046,68.883,68.305,67.69,66.654,66.133,65.248,64.853,64.513,65.166,65.457,64.332,63.84,63.476,64.165,63.204,62.998,63.664,64.551,65.509,65.911,66.655,67.159,68.036,68.363,69.057,69.775,70.316,70.76,71.124,72.95,73.667,74.689,74.837,
Pre-demographic dividend,73.51693014,73.59270325,73.53559302,73.449787,73.3921093,73.3960285,73.36512704,73.31416933,73.26696166,73.2277992,73.17509028,73.11478058,72.96520848,72.86010999,72.75130539,72.64383417,72.46458229,72.26813021,71.96559666,71.62669467,71.30505079,71.32366468,71.12192351,70.89827288,70.3068684,70.0021709,69.81235256,69.22101126,69.02065621,68.82739243,67.88899175,68.41944016,68.4384316,70.21705562,70.06665123,
Puerto Rico (US),49.853,51.347,51.369,53.239,52.816,52.382,53.446,54.211,54.288,54.239,52.604,53.073,53.577,54.323,54.655,56.162,55.694,54.831,53.625,52.042,50.694,49.123,49.124,49.209,49.383,49.631,50.133,50.603,51.833,52.75,52.76,51.683,53.855,53.983,54.147,
"Korea, Dem. People's Rep.",83.925,84.123,84.391,84.607,84.783,85.004,85.196,85.466,85.633,85.679,85.853,85.971,86.152,86.344,86.541,86.686,86.913,87.126,87.229,87.396,87.544,87.666,87.773,87.863,87.935,88.063,87.997,88,88.067,88.109,86.859,86.984,88.527,88.77,88.996,
Portugal,69.343,70.755,68.8,68.336,68.256,68.023,68.258,69.031,70.546,70.863,71.031,71.796,72.605,72.812,72.609,73.194,73.614,73.86,73.947,73.426,73.678,73.636,73.406,73.024,73.213,73.386,73.71,74.653,75.123,75.529,74.177,75.238,76.446,77.653,77.805,
Paraguay,71.205,71.307,71.234,71.503,71.811,72.264,72.183,72.373,72.137,71.758,71.296,71.027,70.884,69.733,73.639,72.411,69.615,71.047,71.718,72.136,70.455,70.706,73.871,72.704,70.892,71.029,73.179,74.184,75.03,75.577,73.485,75.376,74.003,74.22,74.338,
West Bank and Gaza,42.199,42.128,41.889,41.848,41.819,41.717,41.904,41.523,41.087,40.911,41.499,37.827,37.108,40.068,39.564,40.009,40.028,41.396,40.875,41.083,41.63,43.027,43.368,43.597,43.865,45.955,45.901,46.233,45.655,46.462,42.973,45.618,47.313,,,
Pacific island small states,66.88731867,67.11498123,67.13704476,67.25726661,67.32397289,67.31306991,67.34776285,67.41834361,67.46678967,67.53375848,67.70836903,67.82233686,67.89731439,67.86128395,67.83083329,67.1036659,67.6942358,67.98160906,68.19156468,68.41123698,68.53737763,69.05739354,68.66040366,68.2230135,67.82228193,67.59203966,67.30725848,67.3692562,67.27136104,67.19357708,66.47197337,66.52919955,67.17643598,67.2449848,67.2609616,
Post-demographic dividend,70.19176298,70.36595488,70.33124652,70.25023566,70.40483209,70.47955402,70.7176012,70.99620074,71.02076758,71.17822375,71.30860054,71.25158937,71.3914482,71.44006744,71.52126687,71.79030873,72.1323087,72.25228377,72.39431209,72.18727392,71.9997358,71.93464931,72.21557201,72.39666236,72.61655015,72.80594948,73.17115941,73.58644536,73.95132089,74.3221853,73.52881615,74.04781603,75.07070225,75.60394208,75.76852911,
French Polynesia,61.159,61.314,61.633,61.947,62.246,62.456,62.621,62.519,62.385,62.223,62.033,61.796,61.549,61.262,60.937,60.673,60.469,60.242,60.372,60.537,60.719,60.905,61.087,61.133,61.174,61.187,61.17,61.139,61.099,61.026,60.273,60.319,60.217,59.914,59.651,
Qatar,83.546,83.601,83.355,83.469,83.528,83.65,83.672,83.029,82.826,82.898,82.937,83.128,83.259,83.523,82.852,83.132,84.475,85.912,86.675,87.055,87.092,87.01,86.89,86.956,87.399,87.923,88.156,88.216,88.249,88.213,87.983,87.306,88.493,88.579,88.556,
Romania,54.727,54.742,55,55.248,55.376,55.389,55.482,55.856,56.237,56.566,56.801,56.887,56.956,57.123,57.16,57.212,57.339,57.512,57.751,53.965,57.258,56.992,57.526,57.825,58.815,59.937,60.302,62.01,62.541,63.43,64.141,65.49,66.548,66.732,66.634,
Russian Federation,76.109,75.988,75.642,73.688,71.654,71.314,70.257,68.764,67.612,71.17,71.12,69.609,70.172,70.039,70.995,71.598,72.07,72.938,73.234,72.99,72.696,72.953,73.133,73.231,73.542,73.809,74.389,74.327,74.607,74.027,74.117,75.187,75.521,75.719,75.501,
Rwanda,64.725,64.709,64.642,64.505,64.86,65.641,65.283,64.937,64.526,64.073,63.662,63.315,63.082,62.909,62.803,62.753,62.743,62.751,62.765,62.744,62.697,62.637,62.581,62.522,62.476,62.441,62.393,62.329,62.216,60.376,64.788,60.373,62.453,65.948,65.838,
South Asia,59.39172343,59.40899321,59.42845247,59.49689338,59.57742336,59.88128788,60.23900622,60.58756291,61.00705243,61.32848409,61.64271749,61.5226421,61.39713492,61.26954487,61.1362571,61.00328689,60.15665649,59.34999086,58.5613771,57.7928918,57.04504018,56.44340499,55.85667444,55.73835815,55.6218461,55.53245113,55.41124511,55.60442446,55.55166347,55.52800967,54.96333157,56.0583701,57.17942105,58.28125802,59.23877538,
Saudi Arabia,52.976,52.617,52.69,52.279,51.835,51.367,50.88,50.381,49.875,49.368,49.971,49.347,49.018,48.966,49.023,49.206,49.534,49.777,50.35,50.798,52.647,54.592,56.544,58.378,59.726,61.054,62.057,60.389,60.913,62.568,63.823,64.9,65.198,65.234,65.268,
Sudan,50.537,50.782,51.047,51.335,51.667,52.033,52.442,52.287,52.074,51.834,51.576,51.304,51.027,50.756,50.474,50.176,49.888,49.593,49.25,49.337,49.426,49.514,48.56,47.485,46.333,45.192,44.053,42.923,41.862,40.878,39.592,38.596,37.917,,,
Senegal,52.754,52.661,52.551,52.434,52.313,52.214,52.112,52.02,51.943,51.872,51.798,51.729,51.633,51.571,51.541,51.513,51.485,50.999,50.514,50.029,49.544,49.055,48.563,48.06,47.545,47.03,51.658,47.222,49.659,52.105,51.6,52.08,51.786,51.682,51.789,
Singapore,65.383,65.91,66.392,66.805,67.342,68.01,68.497,68.996,69.365,69.566,69.797,69.981,69.19,69.381,69.457,70.199,70.961,70.228,71.282,71.153,72.02,71.846,72.48,72.336,73.301,74.548,74.413,74.361,74.119,74.749,74.58,76.847,76.092,76.097,76.882,
Solomon Islands,84.864,84.706,84.301,84.267,84.079,83.827,83.949,84.191,84.339,84.56,85.403,85.932,86.232,86.167,86.065,85.982,86.026,86.09,86.055,86.132,85.922,85.761,85.785,85.707,85.776,85.815,85.699,85.663,85.635,85.639,84.81,84.866,85.872,85.817,85.831,
Sierra Leone,66.373,66.388,66.321,66.34,66.342,66.319,66.335,66.315,66.328,66.339,66.368,66.318,66.377,66.379,67.788,66.827,65.858,64.881,63.897,62.908,61.911,60.908,59.897,58.877,57.847,57.13,56.411,55.688,54.96,54.842,54.319,54.547,54.914,54.844,54.583,
El Salvador,62.876,62.897,63.127,64.101,65.056,64.192,62.681,62.42,64.887,64.574,64.085,63.598,63.105,64.887,63.407,63.916,64.39,64.873,64.346,63.781,63.19,62.786,63.347,63.823,62.681,61.884,62.594,62.516,62.244,63.669,60.396,62.963,64.143,64.642,64.913,
San Marino,,,,,,,,,,,,,,,,,,,,,,,,,,,,,,,,,,,,
"Somalia, Fed. Rep.",35.166,35.121,34.902,34.821,34.839,34.881,34.921,34.943,34.972,35,35.027,35.048,35.079,35.117,35.173,35.27,35.401,35.496,35.502,35.462,35.409,35.261,35.112,35.073,35.053,35.042,35.028,35.001,34.957,34.926,34.601,34.616,34.793,34.794,34.784,
Serbia,65.032,65.063,65.045,65.064,64.898,64.682,64.471,64.281,64.321,64.985,64.939,64.864,64.782,64.7,64.424,64.198,63.958,64.136,63.247,61.403,60.226,60.964,61.641,62.721,63.268,63.467,65.413,66.484,67.571,67.824,67.36,71.351,72.445,72.173,72.425,
Sub-Saharan Africa (excluding high income),74.15313714,74.18615571,74.18395611,74.17539006,74.22280187,74.30557592,74.28460511,74.22709476,74.1518448,74.08332214,73.9868183,73.88536215,73.74428433,73.65687088,73.54639539,73.45250003,73.2743082,73.04990008,72.7740091,72.37109517,71.79398133,71.99488376,71.84708135,71.66508671,71.08399937,70.93133692,70.77114678,70.32163476,70.13394351,70.00273857,68.98441154,69.54507967,69.73724656,71.64622114,71.54044238,
South Sudan,75.267,75.292,75.335,75.392,75.415,75.447,75.502,75.567,75.509,75.436,75.427,75.452,75.525,75.595,75.564,75.452,75.322,75.179,75.039,74.905,74.732,74.535,74.396,74.409,74.588,74.722,74.864,75.222,75.189,74.821,74.106,74.366,74.61,74.58,,
Sub-Saharan Africa,74.95030733,74.98874195,74.9941241,74.99494243,75.04329482,75.12443054,75.11355101,75.06675173,74.99941228,74.94003709,74.85542404,74.76663096,74.63955433,74.55976011,74.46369982,74.38214241,74.22003093,74.01725337,73.76849069,73.40604766,72.88811358,73.07309192,72.94435208,72.78404866,72.10165667,71.80230098,71.49426179,70.92563349,70.58994881,70.30570637,69.16155986,69.54192563,69.70160676,71.37273916,71.26860004,
Small states,64.31274296,64.13823405,63.92431433,63.80507225,63.96737803,63.9999066,63.90785452,63.8321943,63.72830434,63.42205619,63.3445566,63.19740221,63.11456125,63.71163296,63.698417,63.73950092,64.06518067,64.03705668,64.04533893,63.88917364,63.9181188,63.90284984,64.02815978,64.2983696,64.42776345,64.59375008,64.6172912,64.85225019,65.03439988,65.24212576,63.86143845,63.9212921,64.70278587,64.88636802,64.91384311,
Sao Tome and Principe,24.708,24.72,24.727,24.718,24.692,24.649,24.585,24.495,24.383,24.25,24.098,24.011,23.981,23.964,23.941,23.935,23.945,23.953,23.977,23.989,23.981,23.962,23.967,23.994,24,23.972,23.925,23.849,23.756,23.639,23.068,23.18,23.615,23.573,23.524,
Suriname,50.617,50.69,50.666,50.331,50.446,50.431,50.2,49.988,49.79,49.603,50.388,51.185,51.993,52.825,53.553,54.171,54.81,55.456,56.098,56.737,57.377,58.013,58.639,59.257,59.884,60.534,61.215,61.35,61.677,61.815,58.921,59.601,59.811,60.078,60.249,
Slovak Republic,75.998,76.089,74.098,71.925,69.33,69.302,69.774,69.295,68.619,68.829,69.284,69.885,69.555,69.945,69.672,68.992,68.635,68.308,68.843,68.435,68.712,68.788,69.517,69.955,70.841,71.069,72.029,72.253,72.508,72.715,72.444,74.565,76.041,76.455,76.498,
Slovenia,66.674,66.721,66.752,66.776,66.795,66.837,66.94,67.622,68.825,67.745,67.508,67.759,68.809,67.225,70.175,70.567,70.947,71.563,72.106,71.839,71.639,70.52,70.735,70.847,71.105,71.912,71.753,74.28,75.098,75.274,74.794,75.534,76.744,76.701,76.708,
Sweden,84.337,83.388,81.585,79.715,78.742,79.369,79.048,78.62,77.734,78.27,77.366,78.121,77.949,77.923,77.685,78.675,78.746,79.136,79.346,78.923,79.085,79.929,80.303,81.1,81.498,81.753,82.066,82.518,82.736,82.928,82.519,82.828,83.433,83.988,84.048,
Eswatini,56.626,56.39,56.169,56.051,56.318,56.502,56.275,55.997,55.666,55.33,55.022,54.762,54.558,54.402,54.286,54.205,54.146,54.045,53.876,53.704,53.566,53.455,53.376,53.299,53.197,53.082,52.973,52.479,51.985,51.487,50.64,50.924,50.315,50.067,49.885,
Sint Maarten (Dutch part),,,,,,,,,,,,,,,,,,,,,,,,,,,,,,,,,,,,
Seychelles,,,,,,,,,,,,,,,,,,,,,,,,,,,,,,,,,,,,
Syrian Arab Republic,52.488,52.364,52.018,51.968,51.241,50.506,50.777,51.042,51.302,51.92,52.536,51.571,50.609,49.649,48.906,48.158,47.386,45.619,45.119,44.62,44.397,45.128,40.824,39.458,39.376,39.372,39.461,39.596,39.768,39.974,39.565,39.612,39.916,39.882,39.72,
Turks and Caicos Islands,,,,,,,,,,,,,,,,,,,,,,,,,,,,,,,,,,,,
Chad,72.181,72.183,72.134,72.289,71.842,71.394,70.945,70.495,70.039,69.575,69.108,68.638,68.161,67.679,67.191,66.7,66.204,65.701,65.197,64.692,64.184,63.67,63.153,62.635,62.115,61.593,61.067,60.54,60.013,59.976,59.404,59.426,60.608,60.483,60.31,
East Asia & Pacific (IDA & IBRD countries),80.75227471,80.35755605,80.01905853,79.58180995,79.37625232,79.0231815,78.65742664,78.17318999,77.81051261,77.39925989,77.01787347,76.8622395,76.51877002,76.2523324,76.05079587,75.72961115,75.49726848,75.55612479,75.37919933,75.19287984,75.05772112,75.22384964,75.00497735,74.63099263,74.56347092,74.42739021,74.2299981,73.96515159,73.99047979,73.90741121,72.66442677,73.42052317,73.07683993,73.27933261,73.02386505,
Europe & Central Asia (IDA & IBRD countries),68.99411059,69.06374574,68.89719881,67.70527197,67.32564272,67.00481024,66.43172951,65.60413231,65.10162018,66.22820486,65.79516583,65.25299777,65.26093015,64.90904768,64.81822417,64.99165626,64.98908843,65.29054507,65.47838541,65.38473574,65.59711091,65.84773302,65.96785536,66.17203664,66.41243829,66.77699259,67.21644112,67.54208202,67.80243175,67.73308727,66.89965309,67.85017146,68.76508652,68.96387375,68.95888654,
Togo,60.211,60.12,60.012,59.869,59.832,59.758,59.687,59.621,59.49,59.387,59.292,59.225,59.183,59.153,59.094,59.03,58.982,58.928,58.91,58.915,58.944,58.975,59,59.012,59.011,59.002,58.985,58.96,58.931,58.897,58.346,58.641,59.075,59.153,59.136,
Thailand,78.475,78.36,78.287,78.233,78.195,78.618,78.995,79.078,78.276,77.157,77.531,77.766,77.602,77.465,77.617,77.793,77.305,77.839,77.952,78.03,76.992,78.86,78.522,75.813,75.884,75.594,74.86,74.277,74.858,74.322,74.547,74.695,75.272,75.312,75.235,
Tajikistan,46.968,46.974,47,47.046,47.089,47.116,47.122,47.105,47.068,47.017,46.973,46.941,46.91,46.882,47.123,46.568,45.978,45.306,44.63,44.358,44.208,44.07,43.945,43.83,43.724,43.623,43.525,43.132,42.714,42.333,41.967,42.436,42.578,42.697,42.718,
Turkmenistan,53.346,53.815,55.086,55.225,56.863,57.688,57.33,58.453,57.983,56.846,56.521,56.29,56.37,56.225,55.953,55.159,54.514,53.873,53.065,52.718,52.25,51.61,51.192,50.865,50.585,50.454,50.353,50.261,50.193,50.141,48.881,49.184,50.448,50.468,50.575,
Latin America & the Caribbean (IDA & IBRD countries),64.86402037,65.07566126,65.46495114,65.92023786,66.24407968,66.55828659,66.12942863,66.96998988,67.17302529,67.20418701,67.04350885,67.06831508,67.18238658,67.46631647,68.04994872,68.43740001,68.68648955,68.64684818,68.60262875,68.90189492,68.50864954,68.2577467,68.47916408,68.30469825,68.09037958,68.29250518,68.35859562,68.56715006,68.76539942,69.05423248,64.94240287,67.63853578,68.68204654,68.66951787,68.73401976,
Timor-Leste,70.72,71.071,71.409,71.659,71.941,71.895,71.756,71.592,71.422,71.178,70.878,70,70.246,70.258,70.167,70.02,70.299,69.789,69.166,68.552,68,67.718,67.546,67.435,67.219,67.085,66.98,67.266,67.439,66.498,65.954,65.41,66.703,66.215,66.31,
"Middle East, North Africa, Afghanistan & Pakistan (IDA & IBRD)",49.05444505,49.16935565,49.17566979,49.09700073,49.08389797,48.5288972,48.57249654,48.74264256,48.56261794,48.95717897,48.83186887,48.59755862,48.28354539,48.47315091,48.71627306,48.85455424,48.75778343,48.74158479,48.33676487,48.66477066,48.96235393,48.53145888,48.54416491,48.53521239,48.36175587,48.44279341,48.45702655,48.17280132,47.78864551,47.83525232,46.79646219,47.41919992,47.33170828,47.31940317,47.17126336,
Tonga,57.309,58.341,59.415,60.486,61.494,61.302,61.035,60.816,60.677,60.52,60.354,60.198,60.059,59.935,59.8,59.617,59.383,59.185,59.033,58.856,58.599,58.305,58.064,57.839,57.576,57.253,56.901,56.583,56.261,56.098,55.369,55.236,55.036,54.499,53.982,
South Asia (IDA & IBRD),59.39172343,59.40899321,59.42845247,59.49689338,59.57742336,59.88128788,60.23900622,60.58756291,61.00705243,61.32848409,61.64271749,61.5226421,61.39713492,61.26954487,61.1362571,61.00328689,60.15665649,59.34999086,58.5613771,57.7928918,57.04504018,56.44340499,55.85667444,55.73835815,55.6218461,55.53245113,55.41124511,55.60442446,55.55166347,55.52800967,54.96333157,56.0583701,57.17942105,58.28125802,59.23877538,
Sub-Saharan Africa (IDA & IBRD countries),74.95030733,74.98874195,74.9941241,74.99494243,75.04329482,75.12443054,75.11355101,75.06675173,74.99941228,74.94003709,74.85542404,74.76663096,74.63955433,74.55976011,74.46369982,74.38214241,74.22003093,74.01725337,73.76849069,73.40604766,72.88811358,73.07309192,72.94435208,72.78404866,72.10165667,71.80230098,71.49426179,70.92563349,70.58994881,70.30570637,69.16155986,69.54192563,69.70160676,71.37273916,71.26860004,
Trinidad and Tobago,62.391,62.64,63.19,63.219,64.346,65.359,66.328,66.643,66.936,66.938,66.838,66.892,66.944,68.16,69.392,70.639,70.835,70.382,70.332,69.529,68.402,67.673,68.804,69.217,69.596,69.157,68.422,68.328,68.243,68.185,66.281,65.676,66.914,67.097,67.045,
Tunisia,51.314,51.401,51.424,51.468,51.519,51.532,51.58,51.648,51.357,51.058,50.749,50.428,50.099,49.767,49.468,49.22,49.589,49.894,50.274,50.691,50.899,51.287,52.111,51.782,51.675,51.645,52.042,51.945,53.257,54.538,51.898,51.693,51.796,51.249,51.191,
Turkiye,59.513,60.083,58.938,55.084,57.563,56.86,56.436,55.297,55.417,55.278,52.576,52.519,52.515,51.327,49.481,49.775,49.805,49.89,50.629,51.725,52.754,53.862,54.03,55.036,54.824,55.684,56.554,57.545,58.068,58.056,54.506,56.89,58.925,59.364,59.965,
Tuvalu,,,,,,,,,,,,,,,,,,,,,,,,,,,,,,,,,,,,
Tanzania,87.963,87.924,87.879,87.781,87.632,87.557,87.6,87.627,87.608,87.595,87.572,87.572,87.962,88.342,88.713,89.074,89.428,88.952,88.462,87.959,87.438,86.893,86.329,85.741,85.129,85.102,85.065,85.037,85.019,85.008,81.55,84.803,84.928,84.968,84.949,
Uganda,74.004,74.05,74.121,74.186,74.304,74.507,74.702,74.85,74.954,74.956,74.986,74.977,74.892,74.792,74.705,74.613,74.469,74.325,74.152,73.973,73.793,80.81,84.634,85.68,77.83,75.759,73.439,70.841,74.635,77.693,79.419,80.138,82.181,81.929,81.992,
Ukraine,69.201,69.107,69.016,68.932,68.952,68.815,68.547,68.345,67.976,67.47,67.09,66.911,66.897,66.957,66.956,66.818,66.608,67.171,66.997,66.764,66.556,66.34,66.352,66.392,66.539,66.89,67.224,67.598,67.926,68.222,67.084,66.814,,,,
Upper middle income,75.74201296,75.46021612,75.2234397,74.8611887,74.82317658,74.5634666,74.14771317,73.90678082,73.64812537,73.32848347,72.93717047,72.74303243,72.52037026,72.35781149,72.23744013,72.05601018,71.87151843,71.88132012,71.65857804,71.55021563,71.25426227,71.29693781,71.23046012,70.89731868,70.75654653,70.82529866,70.79566227,70.78765466,70.79899492,70.84857593,68.946515,70.23441229,70.11334865,70.30540988,70.12742551,
Uruguay,65.908,66.39,66.599,65.68,67.528,68.691,70.094,70.715,71.311,70.192,70.699,72.2,70.79,69.887,70.077,70.327,72.667,74.445,74.506,75.317,74.967,76.952,76.236,75.976,77.031,76.036,75.802,75.434,74.976,75.239,72.897,75.009,75.347,75.706,75.801,
United States,75.265,75.04,75.381,75.327,75.499,75.67,75.859,76.158,76.061,75.966,75.89,75.467,75.055,74.453,74.096,74.034,74.141,73.903,73.884,73.218,72.558,72.03,72.006,71.751,71.655,71.583,71.925,72.301,72.562,73.017,71.872,72.233,72.838,73.572,73.729,
Uzbekistan,62.99,63.377,64.875,65.435,66.277,66.677,66.84,66.668,66.557,66.383,66.265,66.083,65.9,65.681,65.163,64.643,64.04,63.303,62.668,62.19,61.901,61.655,61.391,61.143,60.95,60.785,60.763,60.842,60.817,60.769,59.89,60.684,60.807,60.873,60.776,
St. Vincent and the Grenadines,67.342,67.421,67.676,67.831,67.746,68.068,68.124,68.295,68.514,68.691,68.835,68.977,69.258,69.606,69.859,70.055,70.458,70.701,70.811,70.866,70.82,70.991,71.207,71.439,71.626,71.897,72.241,72.481,72.818,73.082,71.465,71.96,73.704,74.223,74.497,
"Venezuela, RB",66.474,66.945,67.194,67.115,66.873,67.015,66.91,67.199,67.133,66.642,66.788,66.918,66.182,65.453,66.62,67.209,67.945,67.56,67.515,67.311,67.273,67.116,66.663,66.266,65.87,65.479,65.102,63.947,62.368,59.271,55.943,56.261,57.007,57.353,57.148,
British Virgin Islands,,,,,,,,,,,,,,,,,,,,,,,,,,,,,,,,,,,,
Virgin Islands (U.S.),69.884,74.21,75.497,75.626,75.777,71.042,66.696,66.125,65.594,64.161,65.407,68.187,67.293,65.9,68.193,69.531,70.149,71.138,71.175,71.411,69.671,70.798,69.839,66.335,65.964,69.204,69.323,70.768,66.423,63.609,64.356,65.544,66.693,67.113,67.216,
Viet Nam,83.349,83.235,82.997,82.785,82.553,82.299,82.064,80.998,80.106,79.206,77.971,79.62,79.054,78.671,78.5,78.737,79.051,79.441,79.959,80.373,80.531,80.596,80.576,81.519,81.696,81.765,81.479,82.091,82.855,81.939,80.059,78.422,79.497,79.278,79.097,
Vanuatu,77.847,77.801,77.782,77.836,77.639,77.657,77.636,77.54,77.553,77.592,77.482,77.653,77.872,77.807,77.755,77.676,77.513,74.648,71.563,68.274,64.801,64.294,63.792,63.295,62.801,62.306,61.809,61.302,60.786,60.269,59.723,59.583,60.44,60.461,60.221,
World,70.21855021,70.13609897,70.01333484,69.77603399,69.72639709,69.62961149,69.52333983,69.4731097,69.37529494,69.4156023,69.28948099,69.10854096,68.95310889,68.83630569,68.7831185,68.72798083,68.51599583,68.35287738,68.08613701,67.8118058,67.51602007,67.39033645,67.24043911,67.0880224,66.95927779,66.9151529,66.85883255,66.78423687,66.75903292,66.73611853,65.4807242,66.34613431,66.70881899,67.26613093,67.38626396,
Samoa,59.095,59.325,59.452,59.379,59.73,59.577,59.438,59.67,59.794,59.889,59.767,59.465,59.243,59.059,58.986,58.74,58.666,58.623,58.421,58.42,58.127,57.941,58.103,58.089,58.05,57.872,57.552,57.524,55.428,53.136,50.506,48.405,46.702,46.301,45.694,
Kosovo,,,,,,,,,,,,,,,,,,,,,,,,,,,,,,,,,,,,
"Yemen, Rep.",45.847,45.802,45.753,45.741,45.713,46.101,46.496,46.894,47.296,47.703,46.87,46.076,45.32,44.608,43.949,43.356,42.816,42.315,41.854,41.433,41.048,40.209,39.459,38.771,38.139,33.066,33.258,33.426,33.552,33.654,33.398,33.275,33.742,33.793,33.678,
South Africa,65.287,65.19,65.223,65.105,65.126,65.34,65.46,65.447,65.229,64.971,64.694,64.395,64.091,63.805,63.576,63.41,63.28,63.167,63.077,61.439,57.64,59.532,59.407,59.653,59.538,61.226,61.682,62.586,62.086,62.378,58.311,59.583,61.012,62.712,62.82,
Zambia,59.941,59.9,59.86,59.857,59.813,59.823,59.846,59.848,59.828,59.818,59.789,59.734,59.674,59.627,59.585,59.545,59.504,59.463,59.417,59.371,59.329,59.283,59.238,59.174,59.091,58.995,58.889,58.773,58.654,59.868,61.184,60.535,59.872,59.769,59.728,
Zimbabwe,68.433,68.262,68.289,68.419,68.347,68.131,67.851,67.508,67.184,66.897,66.688,66.559,66.463,66.412,66.45,66.504,66.539,66.57,66.585,66.747,66.952,67.124,67.284,67.367,67.397,67.394,67.344,67.277,67.193,67.05,66.054,66.669,66.312,66.105,66.021,
